{"loss": 0.16726282238960266, "accuracy": 0.9433203935623169}